Brand+Product,Rawsize,MAP
MAXTOUR LX,225/65R17, $142.99 
MAXTOUR LX,205/55R16, $111.99 
MAXTOUR LX,215/55R17, $129.99 
MAXTOUR LX,195/65R15, $95.99 
MAXTOUR LX,215/60R16, $110.99 
MAXTOUR LX,225/60R17, $135.99 
MAXTOUR LX,225/50R17, $129.99 
MAXTOUR LX,205/65R16, $116.99 
MAXTOUR LX,205/60R16, $110.99 
MAXTOUR LX,235/45R18, $159.99 
MAXTOUR LX,235/65R17, $150.99 
MAXTOUR LX,225/60R16, $115.99 
MAXTOUR LX,235/60R18, $173.99 
MAXTOUR LX,225/55R17, $130.99 
MAXTOUR LX,215/55R16, $119.99 
MAXTOUR LX,225/60R18, $154.99 
MAXTOUR LX,215/65R16, $115.99 
MAXTOUR LX,235/55R17, $140.99 
MAXTOUR LX,235/55R18, $166.99 
MAXTOUR LX,215/50R17, $126.99 
MAXTOUR LX,225/45R18, $136.99 
MAXTOUR LX,225/55R18, $154.99 
MAXTOUR LX,235/50R18, $162.99 
MAXTOUR LX,235/40R19, $182.99 
MAXTOUR LX,235/60R17, $143.99 
MAXTOUR LX,215/60R17, $130.99 
MAXTOUR LX,225/45R17, $123.99 
MAXTOUR LX,225/50R18, $146.99 
MAXTOUR LX,215/65R17, $134.99 
MAXTOUR LX,185/60R15, $83.99 
MAXTOUR LX,215/45R17, $121.99 
MAXTOUR LX,235/55R19, $193.99 
MAXTOUR LX,235/65R16, $126.99 
MAXTOUR LX,245/45R18, $160.99 
MAXTOUR LX,235/65R18, $172.99 
MAXTOUR LX,205/50R17, $121.99 
MAXTOUR LX,245/50R20, $193.99 
MAXTOUR LX,235/55R20, $199.99 
MAXTOUR LX,225/65R16, $121.99 
MAXTOUR LX,225/40R18, $139.99 
MAXTOUR LX,235/50R17, $136.99 
MAXTOUR LX,245/45R19, $179.99 
MAXTOUR LX,215/55R18, $143.99 
MAXTOUR LX,245/60R18, $176.99 
MAXTOUR LX,225/55R19, $189.99 
MAXTOUR LX,245/45R20, $197.99 
MAXTOUR LX,235/45R19, $179.99 
MAXTOUR LX,255/50R20, $209.99 
MAXTOUR LX,205/70R16, $116.99 
MAXTOUR LX,195/55R16, $101.99 
MAXTOUR LX,255/50R19, $204.99 
MAXCLIMATE,235/60R18, $181.99 
MAXCLIMATE,225/65R17, $154.99 
MAXCLIMATE,225/60R18, $166.99 
MAXCLIMATE,225/60R17, $146.99 
MAXCLIMATE,215/55R17, $140.99 
MAXCLIMATE,225/55R18, $165.99 
MAXCLIMATE,235/45R18, $170.99 
MAXCLIMATE,225/55R17, $141.99 
MAXCLIMATE,235/55R17, $151.99 
MAXCLIMATE,225/50R17, $140.99 
MAXCLIMATE,235/50R18, $175.99 
MAXCLIMATE,235/40R19, $191.99 
MAXCLIMATE,225/45R18, $160.99 
MAXCLIMATE,235/55R20, $205.99 
MAXCLIMATE,235/50R19, $200.99 
MAXCLIMATE,255/50R20, $216.99 
MAXCLIMATE,245/60R18, $184.99 
MAXCLIMATE,235/65R18, $181.99 
MAXCLIMATE,215/55R18, $156.99 
MAXCLIMATE,235/65R17, $162.99 
MAXCLIMATE,235/55R18, $179.99 
MAXCLIMATE,215/50R17, $136.99 
MAXCLIMATE,235/55R19, $207.99 
MAXCLIMATE,265/50R20, $220.99 
MAXCLIMATE,245/50R20, $200.99 
MAXCLIMATE,235/60R17, $155.99 
MAXCLIMATE,265/45R20, $230.99 
MAXCLIMATE,215/65R17, $145.99 
MAXCLIMATE,225/50R18, $157.99 
MAXCLIMATE,205/50R17, $131.99 
MAXCLIMATE,245/45R18, $176.99 
MAXCLIMATE,255/45R20, $207.99 
MAXCLIMATE,225/40R18, $150.99 
MAXCLIMATE,225/55R19, $199.99 
MAXCLIMATE,215/60R17, $141.99 
MAXCLIMATE,235/45R19, $210.99 
MAXCLIMATE,245/55R19, $206.99 
MAXCLIMATE,245/40R18, $171.99 
MAXCLIMATE,255/55R20, $199.99 
MAXCLIMATE,245/45R19, $208.99 
MAXCLIMATE,245/45R20, $204.99 
MAXCLIMATE,245/40R19, $189.99 
MAXCLIMATE,255/50R19, $222.99 
ADVENTURO HT,275/55R20, $184.99 
ADVENTURO HT,265/70R17, $162.99 
ADVENTURO HT,LT225/75R16, $160.99 
ADVENTURO HT,LT245/75R16, $172.99 
ADVENTURO HT,275/60R20, $194.99 
ADVENTURO HT,265/60R18, $170.99 
ADVENTURO HT,265/70R16, $155.99 
ADVENTURO HT,245/65R17, $151.99 
ADVENTURO HT,265/50R20, $180.99 
ADVENTURO HT,275/65R18, $183.99 
ADVENTURO HT,265/65R18, $175.99 
ADVENTURO HT,255/50R20, $178.99 
ADVENTURO HT,235/70R16, $131.99 
ADVENTURO HT,245/70R17, $152.99 
ADVENTURO HT,245/55R19, $175.99 
ADVENTURO HT,255/55R20, $188.99 
ADVENTURO HT,255/65R18, $182.99 
ADVENTURO HT,LT245/75R17, $192.99 
ADVENTURO HT,265/65R17, $171.99 
ADVENTURO HT,245/75R16, $140.99 
ADVENTURO HT,LT235/80R17, $191.99 
ADVENTURO HT,215/70R16, $118.99 
ADVENTURO HT,235/75R15, $117.99 
ADVENTURO HT,255/60R19, $190.99 
ADVENTURO HT,LT265/70R17, $195.99 
ADVENTURO HT,255/70R16, $146.99 
ADVENTURO HT,LT235/85R16, $167.99 
ADVENTURO HT,245/70R16, $136.99 
ADVENTURO HT,255/55R18, $171.99 
ADVENTURO HT,LT265/75R16, $181.99 
ADVENTURO HT,265/70R18, $178.99 
ADVENTURO HT,255/70R18, $179.99 
ADVENTURO HT,265/75R16, $151.99 
ADVENTURO ATX,265/70R17, $184.99 
ADVENTURO ATX,LT265/70R17, $215.99 
ADVENTURO ATX,275/60R20, $226.99 
ADVENTURO ATX,LT275/70R18, $264.99 
ADVENTURO ATX,275/55R20, $231.99 
ADVENTURO ATX,275/65R18, $228.99 
ADVENTURO ATX,LT245/75R17, $214.99 
ADVENTURO ATX,LT265/75R16, $205.99 
ADVENTURO ATX,LT285/70R17, $246.99 
ADVENTURO ATX,265/70R16, $176.99 
ADVENTURO ATX,235/75R15, $136.99 
ADVENTURO ATX,LT275/65R18, $252.99 
ADVENTURO ATX,LT275/65R20, $315.99 
ADVENTURO ATX,LT245/75R16, $192.99 
ADVENTURO ATX,265/65R18, $210.99 
ADVENTURO ATX,LT235/80R17, $214.99 
ADVENTURO ATX,265/75R16, $181.99 
ADVENTURO ATX,35X12.50R20, $361.99 
ADVENTURO ATX,LT285/75R16, $226.99 
ADVENTURO ATX,265/60R18, $201.99 
ADVENTURO ATX,265/65R17, $191.99 
ADVENTURO ATX,245/65R17, $171.99 
ADVENTURO ATX,245/75R16, $160.99 
ADVENTURO ATX,31X10.50R15, $175.99 
ADVENTURO ATX,LT265/70R18, $255.99 
ADVENTURO ATX,235/70R16, $157.99 
ADVENTURO ATX,255/70R16, $169.99 
ADVENTURO ATX,245/70R16, $163.99 
